Id,CategoryIds,RelationGroup,PressureSide,Brand,Refrigerants,Name
18425,511,Азотни редуцир вентили и манометри,,REFCO,,Комплект редуцир вентил REFCO PRV-2000 | 4687554 - за надуване с азот
18426,511,Азотни редуцир вентили и манометри,,REFCO,,Манометър за надуване с азот REFCO PRV-MANO | 4678776
18924,511,Азотни редуцир вентили и манометри,,ELKE,,Комплект редуцир вентил ELKE - за надуване с азот на климатични системи
19938,511,Азотни редуцир вентили и манометри,,REFCO,,Комплект редуцир вентил REFCO PRV-2200 | 4687510 - за надуване с азот
2210,302,Аксесоари и резервни части за манометри/блокове,,,R407C,Стъкло манометър | R407C
2806,159,Аксесоари и резервни части за манометри/блокове,,REFCO,,Кран за манометричен блок REFCO
2899,302,Аксесоари и резервни части за манометри/блокове,,,,Защитна капачка за манометър | 330609
3759,159,Аксесоари и резервни части за манометри/блокове,,REFCO,,Врътка за кран М2-6-09-В
3760,159,Аксесоари и резервни части за манометри/блокове,,REFCO,,Врътка за кран М2-6-09-R
5620,159,Аксесоари и резервни части за манометри/блокове,,REFCO,,Бутало за кран за манометричен блок REFCO | 9884161
5621,159,Аксесоари и резервни части за манометри/блокове,,REFCO,,Бутало за кран за манометричен блок REFCO | 4662624
5697,159,Аксесоари и резервни части за манометри/блокове,,REFCO,,"Врътка за кран, комплект - REFCO M2-6-09-R+B | 4687080"
17967,"159, 231, 302",Аксесоари и резервни части за манометри/блокове,ниско,DSZH,,"Гумен предпазител за манометър DSZH WK-68LB, ниско налягане, Ф68mm"
17968,"159, 231, 302",Аксесоари и резервни части за манометри/блокове,ниско,DSZH,,"Гумен предпазител за манометър DSZH WK-80LB, ниско налягане, Ф80mm"
17969,"159, 231, 302",Аксесоари и резервни части за манометри/блокове,високо,DSZH,,"Гумен предпазител за манометър DSZH WK-68HB, високо налягане, Ф68mm"
18420,"159, 231, 302",Аксесоари и резервни части за манометри/блокове,високо,REFCO,,"Гумен предпазител за манометър REFCO M2-GS, високо налягане, Ф68mm | 4677451"
18421,"159, 231, 302",Аксесоари и резервни части за манометри/блокове,ниско,REFCO,,"Гумен предпазител за манометър REFCO M2-GS, ниско налягане, Ф68mm | 4677451"
18430,159,Аксесоари и резервни части за манометри/блокове,,REFCO,,"Врътка за кран, комплект - REFCO M2-7-SET-B+R | 4687079"
20633,150,Аксесоари и резервни части за манометри/блокове,,REFCO,,"Адаптор за вакуумметър REFCO SWIVEL-ARM-1/4""SAE-N | 4687631"
3453,150,Вакуум помпи с манометър / вакуумметър,,VALUE,,Вакуум помпа двустъпална 1/2 HP VALUE V-i240SV
4856,150,Вакуум помпи с манометър / вакуумметър,,VALUE,,Вакуум помпа двустъпална 3/4 HP VALUE V-i260SV
4926,150,Вакуум помпи с манометър / вакуумметър,,VALUE,,Вакуум помпа двустъпална 1/5HP VALUE V-i215SV
4927,150,Вакуум помпи с манометър / вакуумметър,,VALUE,,Вакуум помпа eдностъпална 1/4HP VALUE V-i120SV с манометър
4928,150,Вакуум помпи с манометър / вакуумметър,,VALUE,,Вакуум помпа eдностъпална 1/3HP VALUE V-i140SV с манометър
4930,150,Вакуум помпи с манометър / вакуумметър,,VALUE,,Вакуум помпа eдностъпална 1/2HP VALUE V-i160SV с манометър
4931,150,Вакуум помпи с манометър / вакуумметър,,VALUE,,Вакуум помпа eдностъпална 3/4HP VALUE V-i180SV с манометър
4934,150,Вакуум помпи с манометър / вакуумметър,,VALUE,,Вакуум помпа двустъпална 1/3HP VALUE V-i220SV с манометър
4935,150,Вакуум помпи с манометър / вакуумметър,,VALUE,,Вакуум помпа двустъпална 1HP VALUE V-i280SV с манометър
6795,150,Вакуум помпи с манометър / вакуумметър,,ROTHENBERGER,R32,Вакуум помпа двустъпална 1/4 HP - ROTHENBERGER ROAIRVAC R32 1.5
10758,150,Вакуум помпи с манометър / вакуумметър,,SUPER STARS,"R1234YF, R32, R600",Вакуум помпа двустъпална 1/3 HP SUPER STARS ST-4BMC на батерия
10759,150,Вакуум помпи с манометър / вакуумметър,,SUPER STARS,"R1234YF, R32, R600",Вакуум помпа двустъпална 1/4 HP SUPER STARS ST-4BM
10766,150,Вакуум помпи с манометър / вакуумметър,,SUPER STARS,"R1234YF, R32, R600",Вакуум помпа двустъпална 1 HP SUPER STARS ST-8BM
17529,150,Вакуум помпи с манометър / вакуумметър,,DSZH,,Вакуум помпа едностъпална 1/4HP DSZH WK-115SV с манометър
17531,150,Вакуум помпи с манометър / вакуумметър,,DSZH,,Вакуум помпа двустъпална 1/4 HP DSZH WK-215SV с манометър
17532,150,Вакуум помпи с манометър / вакуумметър,,DSZH,,Вакуум помпа едностъпална 1/4HP DSZH WK-125SV с манометър
17533,150,Вакуум помпи с манометър / вакуумметър,,DSZH,,Вакуум помпа едностъпална 1/3HP DSZH WK-135SV с манометър
17534,150,Вакуум помпи с манометър / вакуумметър,,DSZH,,Вакуум помпа едностъпална 1/2HP DSZH WK-160SV с манометър
17535,150,Вакуум помпи с манометър / вакуумметър,,DSZH,,Вакуум помпа едностъпална 3/4HP DSZH WK-180SV с манометър
17536,150,Вакуум помпи с манометър / вакуумметър,,DSZH,,Вакуум помпа едностъпална 1HP DSZH WK-1100SV с манометър
17537,150,Вакуум помпи с манометър / вакуумметър,,DSZH,,Вакуум помпа двустъпална 1/3 HP DSZH WK-225SV с манометър
17539,150,Вакуум помпи с манометър / вакуумметър,,DSZH,,Вакуум помпа двустъпална 1/3 HP DSZH WK-235SV с манометър
17540,150,Вакуум помпи с манометър / вакуумметър,,DSZH,,Вакуум помпа двустъпална 1/2 HP DSZH WK-245SV с манометър
17541,150,Вакуум помпи с манометър / вакуумметър,,DSZH,,Вакуум помпа двустъпална 3/4 HP DSZH WK-260SV с манометър
17542,150,Вакуум помпи с манометър / вакуумметър,,DSZH,,Вакуум помпа двустъпална 1 HP DSZH WK-280SV с манометър
17543,150,Вакуум помпи с манометър / вакуумметър,,DSZH,,Вакуум помпа двустъпална 1 HP DSZH WK-2100SV с манометър
17545,150,Вакуум помпи с манометър / вакуумметър,,DSZH,"R1234YF, R32, R600",Вакуум помпа за R32 DSZH WK-2BM
17552,150,Вакуум помпи с манометър / вакуумметър,,DSZH,"R1234YF, R32, R600",Вакуум помпа за R32 DSZH WK-3BM
17553,150,Вакуум помпи с манометър / вакуумметър,,DSZH,"R1234YF, R32, R600",Вакуум помпа за R32 DSZH WK-4BM
17554,150,Вакуум помпи с манометър / вакуумметър,,DSZH,"R1234YF, R32, R600",Вакуум помпа за R32 DSZH WK-6BM
17555,150,Вакуум помпи с манометър / вакуумметър,,DSZH,"R1234YF, R32, R600",Вакуум помпа за R32 DSZH WK-8BM
17556,150,Вакуум помпи с манометър / вакуумметър,,DSZH,"R1234YF, R32, R600",Вакуум помпа за R32 DSZH WK-10BM
17557,150,Вакуум помпи с манометър / вакуумметър,,DSZH,"R1234YF, R32, R600",Вакуум помпа за R32 DSZH WK-12BM
17558,150,Вакуум помпи с манометър / вакуумметър,,DSZH,"R1234YF, R32, R600",Вакуум помпа за R32 DSZH WK-15BM
21602,150,Вакуум помпи с манометър / вакуумметър,,WIPCOOL,"R1234YF, R32",Вакуум помпа двустъпална WIPCOOL 2F0BR на батерия
21642,150,Вакуум помпи с манометър / вакуумметър,,WIPCOOL,"R1234YF, R32",Вакуум помпа двустъпална WIPCOOL 2F1BR на батерия
21643,150,Вакуум помпи с манометър / вакуумметър,,WIPCOOL,"R1234YF, R32",Вакуум помпа едностъпална WIPCOOL F2BR на батерия
21799,150,Вакуум помпи с манометър / вакуумметър,,WIPCOOL,"R1234YF, R32",Вакуум помпа двустъпална WIPCOOL 2F1.5R
2116,397,Вакуумметри и вакуум-тестери,,REFCO,,Вакуумметър 1000 ÷ 0 mbar | 880301
2945,"150, 397",Вакуумметри и вакуум-тестери,,SHINEYEAR,,Вакуумметър 1000 ÷ 0 mbar 690847
2993,"150, 397",Вакуумметри и вакуум-тестери,,,,Вакуумметър + блок
3385,"150, 397",Вакуумметри и вакуум-тестери,,VALUE,,Вакуумметър за вакуум помпа - VALUE TG3
3747,"150, 397",Вакуумметри и вакуум-тестери,,REFCO,,Вакуумметър REFCO 19800-SV | 9882473
10012,"150, 397",Вакуумметри и вакуум-тестери,,VALUE,,"Вакуумметър VALUE, 63mm"
17567,"150, 397",Вакуумметри и вакуум-тестери,,DSZH,,"Вакуумметър DSZH WK-18VG, 80mm"
18338,"150, 397",Вакуумметри и вакуум-тестери,,REFCO,,Вакуумметър с кран REFCO RL-VAC | 4663981
18845,"150, 397",Вакуумметри и вакуум-тестери,,DSZH,,"Вакуумметър със сферичен кран, резби 1/4"" SAE - ж и 1/4"" SAE - м, гумиран - 68mm"
2156,156,Везни/оборудване с връзка към манометричен блок,,REFCO,,Електронна везна REFCO REFSCALE-S | 4688867 - 110 kg
4617,159,Дигитални електронни манометри / блокове,,REFCO,"R134A, R12, R22, R290, R404, R407C, R410A, R502, R507",Дигитален - електронен манометър REFCO DIGIMON-8
4618,159,Дигитални електронни манометри / блокове,,REFCO,"R1234YF, R134A, R12, R22, R32, R290, R404, R407C, R410A, R502, R507",Дигитален - електронен манометър REFCO RETMATE 2 BASIC
4620,159,Дигитални електронни манометри / блокове,,ROTHENBERGER,"R1234YF, R123A, R134A, R143A, R12, R22, R32, R290, R404A, R407C, R410A, R502, R600A, R600",Дигитален - електронен манометър ROTHENBERGER ROCOOL 600 SET 1
4621,159,Дигитални електронни манометри / блокове,,ROTHENBERGER,"R1234YF, R123A, R134A, R143A, R12, R22, R32, R290, R404A, R407C, R410A, R502, R600A, R600",Дигитален - електронен манометър ROTHENBERGER ROCOOL 600 SET 2
4622,159,Дигитални електронни манометри / блокове,,ROTHENBERGER,"R1234YF, R123A, R134A, R143A, R12, R22, R32, R290, R404A, R407C, R410A, R502, R600A, R600",Дигитален - електронен манометър ROTHENBERGER ROCOOL 600 SET 3
4623,159,Дигитални електронни манометри / блокове,,VALUE,"R1234YF, R134A, R12, R22, R32, R290, R404A, R407C, R410A, R502, R600A",Дигитален - електронен манометър VALUE VDG-1
4624,159,Дигитални електронни манометри / блокове,,VALUE,"R1234YF, R134A, R22, R32, R290, R404A, R407C, R410A, R507",Единичен дигитален - електронен манометър VALUE VDG-S1
4625,159,Дигитални електронни манометри / блокове,,VALUE,"R1234YF, R134A, R22, R32, R290, R404A, R407C, R410A, R507",Двоен дигитален - електронен манометър VALUE VDG-2-S1
4626,159,Дигитални електронни манометри / блокове,,VALUE,"R1234YF, R134A, R22, R32, R290, R404A, R407C, R410A, R507",Двоен дигитален - електронен манометър VALUE VDG-4-S1
8570,159,Дигитални електронни манометри / блокове,,REFCO,,Дигитален манометричен блок REFCO REFMATE-2-CA-WTC 4688127
9780,159,Дигитални електронни манометри / блокове,,VALUE,"R1234YF, R134A, R22, R32, R290, R404A, R407C, R410A, R507, R600",Двоен дигитален - електронен манометър VALUE VRM2-0101i
11139,159,Дигитални електронни манометри / блокове,,SUPER STARS,"R1234YF, R32","Дигитален манометричен блок SUPER STARS ST-B268D - двоен за 90 вида хладилни агенти, в комлект с маркучи"
11556,159,Дигитални електронни манометри / блокове,,VALUE,"R1234YF, R134A, R22, R32, R290, R404A, R407C, R410A, R507, R600",Единичен дигитален - електронен манометър VALUE VRM1-0101i
17725,159,Дигитални електронни манометри / блокове,,SUPER STARS,"R1234YF, R32",Единичен дигитален / електронен манометър SUPER STAR ST-B168DL
17726,159,Дигитални електронни манометри / блокове,,SUPER STARS,"R1234YF, R32",Единичен дигитален / електронен манометър SUPER STAR ST-B168DH
18332,159,Дигитални електронни манометри / блокове,,REFCO,,Дигитален манометричен блок REFCO REFMATE-2 4688124
18334,159,Дигитални електронни манометри / блокове,,REFCO,,Дигитален манометричен блок REFCO REFMATE-2-BASIC 4688297
18335,159,Дигитални електронни манометри / блокове,,REFCO,,Дигитален манометричен блок REFCO REFMATE-4 | 4688129
20263,159,Дигитални електронни манометри / блокове,,REFCO,,Дигитален манометричен блок REFCO REFMATE-4-CA-WTC-V | 4688132
21224,159,Дигитални електронни манометри / блокове,,ROTHENBERGER,"R134A, R22, R32, R290, R404A, R407C, R410A",Дигитален - електронен манометър ROTHENBERGER ROCOOL MINI
21947,159,Дигитални електронни манометри / блокове,,VALUE,R134A,"Дигитален - електронен манометричен блок VALUE VRM-2S, двоен"
22002,159,Дигитални електронни манометри / блокове,,REFCO,,Дигитален манометричен блок REFCO REFMATE-4-CA-WTC | 4688131
6467,159,"Други продукти, споменаващи манометър",,REFCO,"R1234YF, R134A, R12, R22, R32, R290, R404A, R407C, R410A, R502, R507, R600A",Дигитални - електронни манометри REFCO | TAP DOUBLE SET
2117,397,Електронни вакуумметри,,REFCO,,Вакуумтестер електронен
9823,"150, 397",Електронни вакуумметри,,VALUE,,Електронен вакуумметър - VALUE VMV-1
11127,397,Електронни вакуумметри,,SUPER STARS,,Електронен вакуумметър - SUPER STARS ST-VG90
15053,397,Електронни вакуумметри,,REFCO,,Електронен вакуумметър REFCO REFVAC-RC | 4688291
21229,397,Електронни вакуумметри,,ROTHENBERGER,,Електронен вакуумметър ROTHENBERGER ROVAC PRO
21946,397,Електронни вакуумметри,,VALUE,,Електронен вакуумметър - VALUE VMV1S
2182,302,Манометри за фреон / хладилни агенти,ниско,REFCO,"R22, R407C, R410A","Манометър за фреон - ниско налягане, REFCO M2-250-DS-CLIM | 7245886 - R410A, R407C, R22"
2183,302,Манометри за фреон / хладилни агенти,ниско,REFCO,"R134A, R404A, R507","Глицеринов манометър за фреон - ниско налягане REFCO MR-200-DS-R134a | R134a, R404A, R507"
2184,302,Манометри за фреон / хладилни агенти,ниско,REFCO,"R134A, R22, R404A","Глицеринов манометър за фреон - ниско налягане REFCO MR-200-DS-R22 | 7648597 - R22, R134a, R404A"
2185,302,Манометри за фреон / хладилни агенти,високо,REFCO,"R12, R22, R502","Манометър за фреон - високо налягане REFCO М2-500-DS-R12 | R12, R22, R502"
2186,302,Манометри за фреон / хладилни агенти,високо,REFCO,"R134A, R404A, R407C","Манометър за фреон - високо налягане REFCO M2-500-DS-R407C | 7105210 - R134a, R404А, R407С"
2188,302,Манометри за фреон / хладилни агенти,високо,,"R134A, R22","Манометър за фреон - високо налягане | R22, R134a"
2189,302,Манометри за фреон / хладилни агенти,високо,,"R134A, R12, R22","Манометър за фреон - високо налягане | R12, R22, R134а"
2190,302,Манометри за фреон / хладилни агенти,високо,,R410A,Манометър за фреон - високо налягане | R410А
2191,302,Манометри за фреон / хладилни агенти,високо,,"R134A, R404A, R407C","Манометър за фреон - високо налягане | R134a, R404A, R407C"
2192,302,Манометри за фреон / хладилни агенти,високо,,"R134A, R22, R404A, R407C","Манометър за фреон - високо налягане | R22, R134a, R404A, R407C"
2193,302,Манометри за фреон / хладилни агенти,високо,REFCO,"R290, R600A, R600","Манометър за фреон - високо налягане REFCO PM2-300-M-R600a | R290, R600, R600a"
2194,302,Манометри за фреон / хладилни агенти,високо,REFCO,"R134A, R404A, R507","Манометър за фреон - високо налягане, REFCO PM2-300-M-R134a | R134a, R404A, R507"
2195,302,Манометри за фреон / хладилни агенти,високо,REFCO,"R134A, R22, R404A","Манометър за фреон - високо налягане REFCO М2-500-DS-R22 | 7462396 - R22, R134a, R404A"
2196,302,Манометри за фреон / хладилни агенти,високо,REFCO,"R12, R22, R502","Глицеринов манометър за фреон - високо налягане, REFCO RG-500-GL| R12, R22, R502"
2197,302,Манометри за фреон / хладилни агенти,ниско,REFCO,"R134A, R12, R22, R404A, R502","Глицеринов манометър за фреон - ниско налягане, REFCO | R22, R12, R502"
2198,302,Манометри за фреон / хладилни агенти,високо,,"R134A, R404A, R407C","Глицеринов манометър за фреон - високо налягане | R134a, R404A, R407C"
2199,302,Манометри за фреон / хладилни агенти,ниско,,"R134A, R404A, R407C","Глицеринов манометър за фреон - ниско налягане | R134a, R404A, R407C"
2202,302,Манометри за фреон / хладилни агенти,ниско,,"R134A, R12, R22","Манометър за фреон - ниско налягане | R12, R22, R134а"
2203,302,Манометри за фреон / хладилни агенти,ниско,REFCO,"R134A, R22, R404A","Манометър за фреон - ниско налягане REFCO M2-250-DA-R22 | 7462426 - R22, R134a, R404A"
2204,302,Манометри за фреон / хладилни агенти,ниско,REFCO,R410A,Манометър за фреон - ниско налягане REFCO M255-DS-R410a | R410А
2205,302,Манометри за фреон / хладилни агенти,ниско,REFCO,"R12, R22, R502","Манометър за фреон - ниско налягане REFCO M2-200-DS-R12 | R12, R22, R502"
2206,302,Манометри за фреон / хладилни агенти,ниско,REFCO,"R134A, R404A, R507","Манометър за фреон - ниско налягане, REFCO, 9886465 | R134a, R404A, R507"
2207,302,Манометри за фреон / хладилни агенти,ниско,REFCO,R600A,Манометър за фреон - ниско налягане REFCO PM2-200-DS-R600a | R600a
2208,302,Манометри за фреон / хладилни агенти,ниско,REFCO,"R134A, R404A, R507","Манометър за фреон - ниско налягане, REFCO, 9886377 | R134a, R404A, R507"
2900,302,Манометри за фреон / хладилни агенти,високо,REFCO,"R134A, R22","Манометър за фреон - високо налягане, REFCO | R22, R134a"
2901,302,Манометри за фреон / хладилни агенти,високо,REFCO,"R22, R407C, R410A","Манометър за фреон - високо налягане REFCO M2-500-DS-CLIM | 7245933 - R410A, R407C, R22"
2902,302,Манометри за фреон / хладилни агенти,ниско,REFCO,"R134A, R404A, R407C","Манометър за фреон - ниско налягане REFCO M2-250-DS-R407C | 7105172 - R134a, R404A, R407C"
2903,302,Манометри за фреон / хладилни агенти,ниско,,R410A,Манометър за фреон - ниско налягане | R410a
2904,302,Манометри за фреон / хладилни агенти,високо,,"R134A, R22, R404","Манометър за фреон - високо налягане | R22, R134a, R404"
2991,302,Манометри за фреон / хладилни агенти,ниско,REFCO,R600A,Манометър за фреон - ниско налягане REFCO M2-250-M-R600a | 9385882
4115,302,Манометри за фреон / хладилни агенти,ниско,REFCO,"R134A, R143A, R22, R404A","Глицеринов манометър за фреон - ниско налягане, REFCO MR-206-DS-R134a | 4503695 - R404А, R143a, R22"
4116,302,Манометри за фреон / хладилни агенти,високо,REFCO,"R134A, R143A, R22, R404A","Глицеринов манометър за фреон - високо налягане, REFCO MR-306-DS-R134a | 4503708 - R404А, R143a, R22"
4611,302,Манометри за фреон / хладилни агенти,високо,SHINEYEAR,"R134A, R22, R404A, R407C","Манометър за фреон - високо налягане, SHINEYEAR | R404A, R407C, R134a, R22"
4612,302,Манометри за фреон / хладилни агенти,ниско,SHINEYEAR,"R134A, R22, R404A, R407C","Манометър за фреон - ниско налягане, SHINEYEAR | R404A, R407C, R134a, R22"
4613,302,Манометри за фреон / хладилни агенти,ниско,SHINEYEAR,R600A,"Манометър за фреон - ниско налягане, SHINEYEAR RG-40 R600a"
4614,302,Манометри за фреон / хладилни агенти,ниско,SHINEYEAR,"R134A, R22, R407C, R410A","Манометър за фреон - ниско налягане, SHINEYEAR | R410A, R134A, R407c, R22"
4817,302,Манометри за фреон / хладилни агенти,ниско,REFCO,"R134A, R22, R404A","Глициренов манометър за фреон - ниско налягане REFCO MR-205-DS-R22 | R22, R134a, R404A"
4818,302,Манометри за фреон / хладилни агенти,високо,REFCO,"R134A, R22, R404A","Глицеринов манометър за фреон - високо налягане REFCO MR-305-DS-R22 | 7870451 - R22, R134a, R404A"
4896,302,Манометри за фреон / хладилни агенти,ниско,SHINEYEAR,"R32, R410A","Манометър за фреон - ниско налягане, SHINEYEAR | R32, R410A"
4897,302,Манометри за фреон / хладилни агенти,високо,SHINEYEAR,"R32, R410A","Манометър за фреон - високо налягане, SHINEYEAR | R32, R410A"
4898,302,Манометри за фреон / хладилни агенти,ниско,SHINEYEAR,R1234YF,"Манометър за фреон - ниско налягане, SHINEYEAR | R1234yf"
4899,302,Манометри за фреон / хладилни агенти,високо,SHINEYEAR,R1234YF,"Манометър за фреон - високо налягане, SHINEYEAR | R1234yf"
4905,302,Манометри за фреон / хладилни агенти,ниско,REFCO,"R134A, R404A, R507","Глицеринов манометър за фреон - ниско налягане REFCO MR-202-DS-R134a | R134a, R404A, R507"
4906,302,Манометри за фреон / хладилни агенти,високо,REFCO,"R134A, R404A, R507","Глицеринов манометър за фреон - високо налягане REFCO MR-302-DS-R134a | R134a, R404A, R507"
5936,302,Манометри за фреон / хладилни агенти,ниско,SHINEYEAR,"R134A, R22, R407C, R410A","Глициренов манометър за фреон - ниско налягане, SHINEYEAR | R410A, R134a, R407c, R22"
6108,302,Манометри за фреон / хладилни агенти,високо,SHINEYEAR,"R134A, R22, R407C, R410A","Манометър за фреон - високо налягане, SHINEYEAR | R410A, R134A, R407C, R22"
6327,302,Манометри за фреон / хладилни агенти,високо,,R600A,Манометър за фреон - високо налягане | R600A
6436,302,Манометри за фреон / хладилни агенти,ниско,SHINEYEAR,"R134A, R32, R407C, R410A","Манометър за фреон - ниско налягане, SHINEYEAR | R134a, R407C, R32, R410A"
6439,302,Манометри за фреон / хладилни агенти,високо,SHINEYEAR,"R134A, R32, R407C, R410A","Манометър за фреон - високо налягане, SHINEYEAR | R134a, R407C, R32, R410A"
6440,302,Манометри за фреон / хладилни агенти,ниско,SHINEYEAR,"R290, R600, R610A","Манометър за фреон - ниско налягане, SHINEYEAR | R600, R290, R610A"
6441,302,Манометри за фреон / хладилни агенти,високо,SHINEYEAR,"R290, R600, R610A","Манометър за фреон - високо налягане, SHINEYEAR | R600, R290, R610A"
6847,302,Манометри за фреон / хладилни агенти,високо,REFCO,"R32, R410A","Манометър за фреон - високо налягане REFCO M2-555-DS-R32 | 4686902 - R32, R410A"
6848,302,Манометри за фреон / хладилни агенти,високо,REFCO,R410A,Манометър за фреон - високо налягане REFCO M2-555-DS-R410A | R410A
7516,302,Манометри за фреон / хладилни агенти,ниско,,"R134A, R32, R404A, R410A","Манометър за фреон - ниско налягане RG-250-GF | R410A, R32, R134A, R404A"
9321,302,Манометри за фреон / хладилни агенти,ниско,REFCO,"R134A, R22, R404A, R407C","Глицеринов манометър за фреон - ниско налягане REFCO MR-206-DS-MULTI-16BAR | 4664448 - R22, R134a, R404A, R407C"
9322,302,Манометри за фреон / хладилни агенти,високо,REFCO,"R134A, R22, R404A, R407C","Глицеринов манометър за фреон - високо налягане REFCO MR-306-DS-MULTI | 4664456 - R22, R134a, R404A, R407C"
9940,302,Манометри за фреон / хладилни агенти,високо,REFCO,"R134A, R22, R404A, R407C","Глицеринов манометър (аксиален) - високо налягане REFCO MR-305-DS-MULTI-35BAR | 4664430 - R22, R134a, R404A, R407C"
9941,302,Манометри за фреон / хладилни агенти,ниско,REFCO,"R134A, R22, R404A, R407C","Глицеринов манометър (аксиален) - ниско налягане REFCO MR-205-DS-MULTI-16BAR | 7230587 - R22, R134a, R404A, R407C"
9961,302,Манометри за фреон / хладилни агенти,ниско,REFCO,"R134A, R22, R404A","Глицеринов манометър за фреон - ниско налягане REFCO MR-202-DS-R22 | 7413012 - R22, R134a, R404A"
9987,302,Манометри за фреон / хладилни агенти,ниско,REFCO,"R32, R410A","Манометър за фреон - ниско налягане REFCO M2-255-DS-R32 | 4686901 - R32, R410A"
10514,302,Манометри за фреон / хладилни агенти,ниско,REFCO,"R32, R410A","Глицеринов манометър за фреон - ниско налягане REFCO MR-206-DS-R32 | 4686926 - R32, R410A"
10515,302,Манометри за фреон / хладилни агенти,високо,REFCO,"R32, R410A","Глицеринов манометър за фреон - високо налягане REFCO MR-306-DS-R32 | 4686927 - R32, R410A"
12287,302,Манометри за фреон / хладилни агенти,високо,,"R134A, R32, R404A, R410A","Манометър за фреон - високо налягане RG-500-GF | R410A, R32, R134A, R404A"
17306,302,Манометри за фреон / хладилни агенти,високо,REFCO,,Глицеринов манометър - високо налягане REFCO MR-345-DS-35 | 7203467
17637,302,Манометри за фреон / хладилни агенти,ниско,DSZH,"R22, R404A, R407C, R410A","Манометър за фреон - ниско налягане DSZH WK-8002L | R410A, R407C, R404A, R22"
17639,302,Манометри за фреон / хладилни агенти,високо,DSZH,"R22, R404A, R407C, R410A","Манометър за фреон - високо налягане DSZH WK-8002H | R410A, R407C, R404A, R22"
17640,302,Манометри за фреон / хладилни агенти,ниско,DSZH,"R134A, R32, R407C, R410A","Манометър за фреон - ниско налягане DSZH WK-8004LG | R32, R410A, R407C, R134a"
17641,302,Манометри за фреон / хладилни агенти,високо,DSZH,"R134A, R32, R407C, R410A","Манометър за фреон - високо налягане DSZH WK-8004HG | R32, R410A, R407C, R134a"
18350,302,Манометри за фреон / хладилни агенти,ниско,REFCO,"R1234YF, R134A","Манометър за фреон - ниско налягане REFCO M2-250-DS-R1234yf | 4687044 - R1234yf, R134a"
18351,302,Манометри за фреон / хладилни агенти,ниско,REFCO,"R290, R600A, R600","Манометър за фреон - ниско налягане REFCO M2-250-DS-R290 | 4687373 - R290, R600, R600a"
18356,302,Манометри за фреон / хладилни агенти,ниско,REFCO,"R22, R32, R410A","Манометър за фреон - ниско налягане REFCO M2-250-DS-CLIM32 | 4687913 - R22, R410a, R32"
18364,302,Манометри за фреон / хладилни агенти,високо,REFCO,"R1234YF, R134A","Манометър за фреон - високо налягане REFCO M2-500-DS-R1234yf | 4687045 - R1234yf, R134a"
18365,302,Манометри за фреон / хладилни агенти,високо,REFCO,"R290, R600A, R600","Манометър за фреон - високо налягане REFCO M2-500-DS-R290 | 4687374 - R290, R600, R600a"
18367,302,Манометри за фреон / хладилни агенти,високо,REFCO,"R22, R32, R410A","Манометър за фреон - високо налягане REFCO M2-500-DS-CLIM32 | 4687914 - R22, R410A, R32"
18369,302,Манометри за фреон / хладилни агенти,ниско,REFCO,"R134A, R404A, R507","Глицеринов манометър - ниско налягане REFCO MR-205-DS-R134a | 7870354 - R134a, R404A, R507"
18373,302,Манометри за фреон / хладилни агенти,ниско,REFCO,"R22, R407C, R410A","Глицеринов манометър - ниско налягане REFCO MR-205-DS-CLIM | 4677745 - R22, R407C, R410A"
18376,302,Манометри за фреон / хладилни агенти,ниско,REFCO,,Глицеринов манометър - ниско налягане REFCO MR-245-DS-14 | 7203378
18380,302,Манометри за фреон / хладилни агенти,високо,REFCO,"R134A, R22, R404A","Глицеринов манометър - високо налягане REFCO MR-300-DS-R22 | 7648601 - R22, R134a, R404A"
18381,302,Манометри за фреон / хладилни агенти,високо,REFCO,"R134A, R22, R404A","Глицеринов манометър - високо налягане REFCO MR-302-DS-R22 | 7413020 - R22, R134a, R404A"
18384,302,Манометри за фреон / хладилни агенти,високо,REFCO,"R22, R407C, R410A","Глицеринов манометър - високо налягане REFCO MR-305-DS-CLIM | 4677761 - R22, R407C, R410A"
18386,302,Манометри за фреон / хладилни агенти,високо,REFCO,"R134A, R22, R410A","Глицеринов манометър - високо налягане REFCO MR-306-DS-R22 | 7196119 - R22, R134a, R410A"
18387,302,Манометри за фреон / хладилни агенти,високо,REFCO,"R134A, R404A, R407C","Глицеринов манометър - високо налягане REFCO MR-306-DS-R407C | 7433693 - R407C, R134a, R404A"
18390,302,Манометри за фреон / хладилни агенти,ниско,REFCO,"R134A, R22, R404A, R407C","Глицеринов манометър - ниско налягане REFCO MR-406-DS-MULTI | 7138754 - R22, R407C, R134a, R404A"
18391,302,Манометри за фреон / хладилни агенти,високо,REFCO,"R134A, R22, R404A, R407C","Глицеринов манометър - високо налягане REFCO MR-506-DS-MULTI | 7141265 - R22, R407C, R134a, R404A"
18393,302,Манометри за фреон / хладилни агенти,ниско,REFCO,"R134A, R22, R404A, R407C","Глицеринов манометър - ниско налягане REFCO MR-606-DS-MULTI | 7141576 - R22, R407C, R134a, R404A"
18395,302,Манометри за фреон / хладилни агенти,високо,REFCO,"R134A, R22, R404A, R407C","Глицеринов манометър - високо налягане REFCO MR-706-DS-MULTI | 7141584 - R22, R407C, R134a, R404A"
18396,302,Манометри за фреон / хладилни агенти,високо,REFCO,"R123A, R134A, R404A, R507","Манометър за фреон - високо налягане REFCO M2-500-DS-R123a | 9388999 - R134a, R404A, R507"
18835,302,Манометри за фреон / хладилни агенти,ниско,VALUE,"R134A, R32, R407C, R410A","Манометър за фреон - ниско налягане VALUE | R32, R410A, R407C, R134a"
18836,302,Манометри за фреон / хладилни агенти,ниско,VALUE,"R290, R600A, R600","Манометър за фреон - ниско налягане VALUE - R290, R600, R600a"
18841,302,Манометри за фреон / хладилни агенти,високо,VALUE,"R134A, R404A, R407C, R410A","Манометър за фреон - високо налягане VALUE R404A, R410A, R407C, R134a"
18842,302,Манометри за фреон / хладилни агенти,високо,VALUE,"R290, R600A, R600","Манометър за фреон - високо налягане VALUE - R290, R600, R600a"
2174,159,Манометрични блокове / колектори,,,"R134A, R404A, R407C","Манометричен блок двоен FC-460G R134a, R404A, R407C"
2175,159,Манометрични блокове / колектори,,,"R22, R404A","Манометричен блок М2J R22,R404A,134a"
2176,159,Манометрични блокове / колектори,,REFCO,"R134A, R404A, R507","Манометричен блок двоен REFCO | APEX 6-DS-R134 за R134a, R404A, R507"
2177,159,Манометрични блокове / колектори,,REFCO,,Манометричен блок двоен REFCO | ВМ2-6-DS-R410
2178,159,Манометрични блокове / колектори,,,"R134A, R404A","Манометричен блок двоен CH-868G R134а, R404A"
2179,159,Манометрични блокове / колектори,високо,REFCO,"R12, R22, R502","Манометричен блок единичен за високо налягане REFCO R12, R22, R502"
2180,159,Манометрични блокове / колектори,,REFCO,"R134A, R22, R404A","Манометричен блок двоен REFCO BM2-6-DS-R22 | 9884898 за R22, R134a, R404A"
2181,159,Манометрични блокове / колектори,,REFCO,"R22, R407C, R410A","Манометричен блок двоен REFCO ВМ2-3-DS-CLIM, 4663506, за R22, R407C, R410A"
2201,159,Манометрични блокове / колектори,,VALUE,"R134A, R32, R404A, R407C","Манометричен блок, двоен VALUE VMG-2-R32"
2798,159,Манометрични блокове / колектори,,,"R134A, R12, R22",Манометричен блок единичен CH-467BV-250 R134a ; R22 ; R12
2799,159,Манометрични блокове / колектори,ниско,DSZH,"R134A, R22, R404A, R407C, R410A","Единичен манометричен блок за фреони R134a, R404A, R407C, R22 DSZH WK-466L - ниско налягане"
2845,155,Манометрични блокове / колектори,,,,Редуцир вентил / Манометричен блок за оксижен
2865,159,Манометрични блокове / колектори,,REFCO,"R22, R407C, R410A","Манометричен блок двоен REFCO BM2-8-DS-CLIM | 4664015 - R22, R407C, R410A"
2890,159,Манометрични блокове / колектори,,SHINEYEAR,"R134A, R22, R404A, R407C","Манометричен блок двоен BVL02G80 R22, R134a, R404A, R407C"
2891,159,Манометрични блокове / колектори,,,"R134A, R22, R404A","Манометричен блок двоен М2J R22, R404A, R134a"
2892,159,Манометрични блокове / колектори,,,"R134A, R12, R22, R502",Манометричен блок двоен 098L
2893,159,Манометрични блокове / колектори,високо,DSZH,"R134A, R22, R404A, R407C, R410A","Единичен манометричен блок за фреони R134a, R404A, R407C, R22 DSZH WK-467-GH - високо налягане"
2894,159,Манометрични блокове / колектори,ниско,DSZH,"R134A, R22, R404A, R407C, R410A","Единичен манометричен блок за фреони R134a, R404A, R407C, R22 DSZH WK-467-GL - ниско налягане"
2895,159,Манометрични блокове / колектори,ниско,REFCO,"R12, R22, R502","Манометричен блок единичен за ниско налягане REFCO R12, R22, R502"
2896,159,Манометрични блокове / колектори,,REFCO,"R134A, R404A, R407C","Манометричен блок двоен REFCO BM2-6-DS-R407C | 4503520 - R134a, R404A, R407С"
2897,159,Манометрични блокове / колектори,,SHINEYEAR,"R134A, R12, R22","Манометричен блок двоен CH-RS01G R22, R134a, R12"
2898,159,Манометрични блокове / колектори,,REFCO,R22,Манометричен блок двоен комплект REFCO R22
2992,159,Манометрични блокове / колектори,,,,"Тяло за манометричен блок, единичен без манометър, с наблюдателно стъкло"
3245,159,Манометрични блокове / колектори,,VALUE,"R134A, R12, R22, R404A, R407C","Манометричен блок, двоен VALUE VMG -2-R22-B - комплект с маркучи"
3246,159,Манометрични блокове / колектори,,VALUE,"R134A, R22, R404A, R407C",Манометричен блок двоен VMG -2-R134а-B
3248,159,Манометрични блокове / колектори,високо,VALUE,"R134A, R22, R407C, R410A",Манометричен блок eдиничен VALUE VMG-1-U-H - високо налягане
3249,159,Манометрични блокове / колектори,ниско,VALUE,"R134A, R22, R407C, R410A",Манометричен блок eдиничен VALUE VMG 1-U-L - ниско налягане
3260,159,Манометрични блокове / колектори,,VALUE,"R134A, R22, R407C, R410A",Комплект за монтаж на климатици VTB-5B-I R 410A
3525,159,Манометрични блокове / колектори,,CPS,"R134A, R404A, R407C",Манометричен блок двоен CPS MBF R134a; R404A; R407C
3722,159,Манометрични блокове / колектори,,VALUE,"R134A, R22, R404A, R407C","Манометричен блок, двоен VALUE R22, R134a, R404A, R407C"
3723,159,Манометрични блокове / колектори,,VALUE,"R134A, R22, R407C, R410A","Манометричен блок, двоен VALUE R22, R134a, R410A, R407C"
3734,159,Манометрични блокове / колектори,,,,Тяло за манометричен блок двоен
3743,159,Манометрични блокове / колектори,,VALUE,"R134A, R22, R407C, R410A",Манометричен блок комплект за R410 Value VMG-2-R410A-B
4459,159,Манометрични блокове / колектори,,,"R22, R407C, R410A",Манометричен блок с маркучи CT560GN R410А
4460,159,Манометрични блокове / колектори,,,"R134A, R22, R404A, R407C",Манометричен блок с маркучи CT560GN R134A/404A/R407C
4461,159,Манометрични блокове / колектори,,,"R290, R600A, R600","Манометричен блок, двоен за R600, R600A, R290, в комлект с маркучи"
4586,159,Манометрични блокове / колектори,,ROTHENBERGER,"R134A, R22, R404A, R410A","Манометричен блок, двоен ROTHENBERGER EKO R22, R134A, R404A, R410A к-т с маркучи 3x150 cm"
4691,159,Манометрични блокове / колектори,високо,HARP,"R134A, R22, R407C, R410A","Манометричен блок, манометър HARP TMG-1-S-H, единичен за високо налягане"
4692,159,Манометрични блокове / колектори,ниско,HARP,"R134A, R22, R407C, R410A","Манометричен блок, манометър HARP TMG-1-S-L, единичен за ниско налягане"
4693,159,Манометрични блокове / колектори,,HARP,"R134A, R22, R404A, R407C","Манометричен блок, манометър, двоен HARP TMG-2-R22-G R134a, R22, R404A, R407C"
4694,159,Манометрични блокове / колектори,,HARP,"R134A, R22, R404A, R407C","Манометричен блок, двоен манометър HARP TMG-2-R22 R134a, R22, R404A, R407C к-т"
4953,159,Манометрични блокове / колектори,,VALUE,"R134A, R12, R22, R404A, R407C","Манометричен блок, двоен VALUE VMG-2-R22"
4986,159,Манометрични блокове / колектори,,CPS,"R134A, R404A, R407C","Манометричен блок двоен CPS MBV R134a, R404A, R407C"
5695,159,Манометрични блокове / колектори,,REFCO,"R134A, R22, R404A","Манометричен блок, двоен REFCO | 4684296 - R22, R134a, R404а"
6031,159,Манометрични блокове / колектори,,REFCO,"R32, R410A","Манометричен блок, двоен REFCO BM2-6-DS-R32 | 4686948 за R32, R410A"
6034,159,Манометрични блокове / колектори,,VALUE,"R134A, R32, R407C, R410A","Манометричен блок, двоен VALUE R32, R410A, R407C, R134А"
6494,159,Манометрични блокове / колектори,,VALUE,R1234YF,Манометричен блок комплект за R1234yf VALUE VMG-2-R1234yf
6672,159,Манометрични блокове / колектори,,ROTHENBERGER,"R32, R410A","Манометричен блок, двоен ROTHENBERGER R410A/R32 к-т с маркучи 3x150 cm"
6799,159,Манометрични блокове / колектори,,ROTHENBERGER,R32,"Двоен манометричен блок с 4 крана ROTHENBERGER R410, R32 с маркучи 3x150 cm"
6830,159,Манометрични блокове / колектори,,,"R134A, R32, R404A, R410A","Манометричен блок, двоен R32, R134a, R404A, R410A в к-т с маркучи"
6831,159,Манометрични блокове / колектори,,,"R134A, R22, R404A, R407C","Манометричен блок, двоен R22, R134a, R404А, R407C в к-т с маркучи"
6842,159,Манометрични блокове / колектори,,ROTHENBERGER,"R134A, R22, R404A, R410A","Двоен манометричен блок за фреон R134a, R404A, R410A, R22 ROTHENBERGER"
6844,159,Манометрични блокове / колектори,ниско,DSZH,"R134A, R32, R404A, R410A","Единичен манометричен блок за фреони R32, R134a, R404A, R410A DSZH WK-468-GL - ниско налягане"
6845,159,Манометрични блокове / колектори,високо,,"R134A, R32, R404A, R410A","Единичен манометричен блок за високо налягане за фреон R410А, R404A, R134а, R32"
6846,159,Манометрични блокове / колектори,ниско,,"R22, R32, R290, R410A","Единичен манометричен блок за ниско налягане за фреон R290, R22, R32 и R410A"
6849,159,Манометрични блокове / колектори,,VALUE,"R134A, R404A, R407C, R410A","Манометричен блок - 80mm за фреон R410A, R407C, R404A, R134a - VALUE VMG-2-R410A-05"
7361,159,Манометрични блокове / колектори,,REFCO,,Наблюдателно стъкло за манометричен блок к-кт REFCO | M4-6-11
7401,159,Манометрични блокове / колектори,,VALUE,"R134A, R22, R404A, R404, R407C","Манометричен блок, двоен R22, R134a, R404, R407C VALUE VRM2-B-0501 в к-т с маркучи"
7402,159,Манометрични блокове / колектори,,VALUE,"R134A, R22, R32, R407C, R410A","Манометричен блок, двоен R22, R134a, R410A, R407C VALUE VRM2-B-0401 в к-т с маркучи"
7403,159,Манометрични блокове / колектори,високо,VALUE,"R134A, R22, R407C, R410A","Манометричен блок eдиничен за високо налягане R22, R134a, R410A, R407C VALUE VRM1-B-0403"
7796,159,Манометрични блокове / колектори,,,"R134A, R22, R290, R404A, R407C",Манометричен блок с маркучи и др R22/R134a/R404A/R407C
9319,159,Манометрични блокове / колектори,високо,,"R32, R290, R410A","Единичен манометричен блок за високо налягане за фреон R290, R32 и R410A"
9774,159,Манометрични блокове / колектори,,REFCO,"R22, R32, R410A","Манометричен блок двоен REFCO BM2-3-DS-CLIM32 4688174 - R22, R32, R410A"
9854,159,Манометрични блокове / колектори,,DSZH,"R134A, R22, R404A, R404, R407C","Манометричен блок, двоен с 4 крана DSZH CT-736G-R134a, в комплект с маркучи"
9855,159,Манометрични блокове / колектори,,DSZH,"R134A, R22, R404A, R407C","Манометричен блок, двоен R22, R134a, R407C, в комплект с маркучи и бързи връзки"
9963,159,Манометрични блокове / колектори,,REFCO,"R22, R32, R410A","Манометричен блок двоен R22, R32, R410A REFCO BM2-6-DS-CLIM32"
11126,159,Манометрични блокове / колектори,,,,"Манометричен блок, двоен, за R744 (СО2), в комплект с маркучи и бързи връзки"
11138,159,Манометрични блокове / колектори,,SUPER STARS,"R22, R404A, R407C, R410A","Манометричен блок SUPER STARS ST-B280, двоен за R410A, R407C, R22, R404A в комлект с маркучи"
11150,159,Манометрични блокове / колектори,,,R1234YF,"Манометричен блок, двоен, за R1234yf, в комплект с маркучи и бързи връзки"
11167,159,Манометрични блокове / колектори,,SUPER STARS,"R22, R404A, R407C, R410A","Манометричен блок SUPER STARS ST-B268, двоен за R410A, R407C, R22, R404A в комлект с маркучи"
11607,159,Манометрични блокове / колектори,,,"R134A, R32, R404A, R410A","Манометричен блок - двоен R32, R134A, R404A, R410A, в комплект с маркучи"
12422,159,Манометрични блокове / колектори,,DSZH,"R134A, R32, R404A, R410A","Манометричен блок, двоен R32, R134а, R404A, R410A в комплект с маркучи и бързи връзки"
17617,159,Манометрични блокове / колектори,,DSZH,"R134A, R32, R407C, R410A","Манометричен блок за фреон R32, R410A, R134a, R407C | DSZH WK-P3602B"
17632,159,Манометрични блокове / колектори,високо,DSZH,"R134A, R32, R407C, R410A","Единичен манометричен блок за фреони R32, R134a, R407C, R410A DSZH WK-468-GH - високо налягане"
17633,159,Манометрични блокове / колектори,високо,DSZH,"R134A, R22, R404A, R407C, R410A","Единичен манометричен блок за фреони R134a, R404A, R407C, R22 DSZH WK-466H - високо налягане"
17634,159,Манометрични блокове / колектори,ниско,DSZH,"R22, R32, R404A, R407C, R410A","Единичен манометричен блок за фреони R410A, R404A, R407C, R22 SUPER STAR ST-B168L - ниско налягане"
17635,159,Манометрични блокове / колектори,високо,DSZH,"R22, R32, R404A, R407C, R410A","Единичен манометричен блок за фреони R410A, R404A, R407C, R22 SUPER STAR ST-B168H - високо налягане"
17636,159,Манометрични блокове / колектори,,DSZH,"R134A, R32, R407C, R410A","Манометричен блок, двоен с 4 крана DSZH CT-836G-R410A, в комплект с маркучи"
17658,159,Манометрични блокове / колектори,,DSZH,"R134A, R32, R407C, R410A","Манометричен блок за фреон R32, R410A, R134a, R407C | DSZH CT-336G-R410A"
17659,159,Манометрични блокове / колектори,,DSZH,"R134A, R22, R404A, R407C","Манометричен блок за фреон R134a, R407C, R404A, R22 | DSZH CT-260G-R134a"
17660,159,Манометрични блокове / колектори,,DSZH,"R134A, R32, R407C, R410A","Манометричен блок за фреон R32, R410A, R134a, R407C | DSZH WK-560G-R410A"
17661,159,Манометрични блокове / колектори,,DSZH,"R134A, R22, R404A","Манометричен блок за фреон R134a, R22, R404A DSZH WK-P6001B в комплект с маркучи и бързи връзки"
17676,159,Манометрични блокове / колектори,,DSZH,"R134A, R32, R407C, R410A","Манометричен блок за фреон R32, R410A, R134a, R407C | DSZH WK-C3602B"
17678,159,Манометрични блокове / колектори,,DSZH,"R134A, R22, R404A","Манометричен блок за фреон R134a, R22, R404A | DSZH WK-C3601B"
17688,159,Манометрични блокове / колектори,,DSZH,"R1234YF, R134A, R22, R404A, R407C","Манометричен блок за фреон R1234yf, R134a, R407C, R404A, R22 | DSZH WK-560G-R1234yf"
17840,159,Манометрични блокове / колектори,,REFCO,,"Манометричен блок, двоен REFCO M2-3-DELUXE-DS-R744-TC за CO2/R744, в комплект с маркучи"
18240,159,Манометрични блокове / колектори,ниско,,"R134A, R32, R404A, R410A","Единичен манометричен блок за фреони R32, R134a, R404A, R410A CT-468AL - ниско налягане"
18345,159,Манометрични блокове / колектори,,REFCO,"R134A, R22, R404A, R407C","Манометричен блок двоен REFCO SM4-3-DS-MULTI | 4508077 за R22, R134a, R404A, R407C к-т с маркучи"
18347,159,Манометрични блокове / колектори,,REFCO,,"Манометричен блок, двоен REFCO BM2-6-DS-R448A | 4688727 за R448A, R449A, R452A"
18348,159,Манометрични блокове / колектори,високо,REFCO,"R22, R407C, R410A","Единичен манометричен блок за фреони R22, R407C, R410A REFCO M1-8-HP-DS-CLIM - високо налягане"
18349,159,Манометрични блокове / колектори,високо,REFCO,"R134A, R404A, R507","Единичен манометричен блок за фреони R134a, R404A, R507 REFCO M1-8-HP-DS-R134a - високо налягане"
18400,159,Манометрични блокове / колектори,,REFCO,"R290, R407C, R600A, R600","Манометричен блок двоен REFCO BM2-6-DS-R290 | 4687380 - R290, R600, R600a"
18427,159,Манометрични блокове / колектори,,REFCO,"R134A, R404A, R407C","Манометричен блок двоен REFCO M4-3-DELUXE-DS-R407C | 4490631 за R134a, R404A, R407C к-т с маркучи"
18591,159,Манометрични блокове / колектори,,VALUE,"R134A, R32, R407C, R410A","Манометричен блок, двоен с 4 крана VALUE VMG-4-R32 за R32, R410A, R407C, R134a, в к-т с маркучи"
18594,159,Манометрични блокове / колектори,,VALUE,R1234YF,Манометричен блок комплект за R1234yf VALUE - с бързи връзки
18822,159,Манометрични блокове / колектори,,VALUE,"R134A, R32, R407C, R410A","Манометричен блок, двоен VALUE за R32, R410A, R407C, R134a, в комплект с маркучи"
18823,159,Манометрични блокове / колектори,,VALUE,"R134A, R32, R407C, R410A","Манометричен блок, двоен VALUE VMG-2-R32-B за R32, R410A, R407C, R134a, в комплект с маркучи"
18825,159,Манометрични блокове / колектори,,VALUE,"R134A, R32, R407C, R410A","Манометричен блок, двоен VALUE за R32, R410A, R407C, R134a, в комплект с маркучи с кран"
18827,159,Манометрични блокове / колектори,високо,VALUE,"R134A, R32, R407C, R410A","Манометричен блок eдиничен за високо налягане R32, R134a, R410A, R407C VALUE VRM1-B-0803"
18828,159,Манометрични блокове / колектори,ниско,VALUE,"R134A, R32, R407C, R410A","Манометричен блок eдиничен за ниско налягане R32, R134a, R410A, R407C VALUE VRM1-B-0804"
18838,159,Манометрични блокове / колектори,високо,VALUE,"R134A, R32, R407C, R410A","Единичен манометричен блок за фреони R32, R134a, R407C, R410A VALUE VMG-1-S-H - високо налягане"
18839,159,Манометрични блокове / колектори,ниско,VALUE,"R134A, R32, R404A, R407C, R410A","Единичен манометричен блок за фреони R32, R134a, R407C, R410A VALUE VMG-1-S-L - ниско налягане"
18843,159,Манометрични блокове / колектори,високо,VALUE,"R290, R600A, R600","Единичен манометричен блок за фреони R290, R600, R600a VALUE VMG-1-S-H - високо налягане"
18846,"150, 397",Манометрични блокове / колектори,,DSZH,,"Вакуумметър с манометричен блок и сферични кранове, компенсатор, гумиран - 80mm"
18852,159,Манометрични блокове / колектори,,VALUE,"R134A, R22, R404A, R407C","Манометричен блок, двоен VALUE VMG-2-R22 за R404A, R407C, R134a, R22"
21702,159,Манометрични блокове / колектори,ниско,WIPCOOL,"R22, R32, R410A","Единичен манометричен блок за фреони R32, R410A, R22 WIPCOOL MG-1L - ниско налягане"
21716,159,Манометрични блокове / колектори,високо,WIPCOOL,"R22, R32, R410A","Единичен манометричен блок за фреони R32, R410A, R22 WIPCOOL MG-1H - високо налягане"
21937,159,Манометрични блокове / колектори,,WIPCOOL,"R22, R32, R410A","Манометричен блок WIPCOOL MG-2K, двоен за R22, R410A, R32, в комлект с маркучи"
22251,159,Манометрични блокове / колектори,,REFCO,"R134A, R22, R404A","Манометричен блок, двоен REFCO APEX-8-DS-R22 | 4686903 за R22, R134a, R404A"
18585,157,Маркучи/комплекти за манометрични блокове,,VALUE,"R32, R410A","Комплект маркучи за фреон R410A, R32 с кран 5/16"" x 45° - 90cm VALUE"
18587,157,Маркучи/комплекти за манометрични блокове,,VALUE,"R32, R410A","Комплект маркучи за фреон R410A, R32 с кран 5/16"" x 45° - 150cm VALUE"
2842,155,Оксижен / газови редуцир вентили и манометри,,,,Оксижен 2 L
2843,155,Оксижен / газови редуцир вентили и манометри,,,,Оксижен 6 L
10048,155,Оксижен / газови редуцир вентили и манометри,,,,Оксижен 4 L
22169,155,Оксижен / газови редуцир вентили и манометри,,,,Оксижен 2 L | 490557
18819,484,Почистващи машини с манометър,,,,Почистваща машина / водоструйка за климатици PCW-6T
21332,484,Почистващи машини с манометър,,WIPCOOL,,Почистваща машина / водоструйка за климатици WIPCOOL C28T
21380,484,Почистващи машини с манометър,,WIPCOOL,,Почистваща машина / водоструйка за климатици WIPCOOL C40T
4944,231,Сервизни комплекти с манометричен блок,,VALUE,R410A,Комплект инструменти за хладилна техника VALUE VTB-5A
21812,149,Събирателни станции с манометри,,WIPCOOL,"R1234YF, R134A, R32, R404A, R407C, R410A, R502, R507",Събирателна станция за фреон WIPCOOL MRM55 R32 550W
